{
  "best_metric": 0.16090624034404755,
  "best_model_checkpoint": "./transformer_results/checkpoint-2",
  "epoch": 1.0,
  "global_step": 2,
  "is_hyper_param_search": false,
  "is_local_process_zero": true,
  "is_world_process_zero": true,
  "log_history": [
    {
      "epoch": 1.0,
      "eval_loss": 0.025890816003084183,
      "eval_mae": 0.11173689365386963,
      "eval_mse": 0.025890816003084183,
      "eval_r2": -0.03156919385174062,
      "eval_rmse": 0.16090624034404755,
      "eval_runtime": 2.0047,
      "eval_samples_per_second": 9.977,
      "eval_smape": 19.480526733398438,
      "eval_steps_per_second": 0.499,
      "step": 2
    }
  ],
  "max_steps": 4,
  "num_train_epochs": 2,
  "total_flos": 10277683320000.0,
  "trial_name": null,
  "trial_params": null
}
