{
    "epoch": 10.0,
    "eval_loss": 0.03491600975394249,
    "eval_mae": 0.14575178921222687,
    "eval_mse": 0.03491600975394249,
    "eval_r2": 0.37034049080395104,
    "eval_rmse": 0.18685826659202576,
    "eval_runtime": 4.3252,
    "eval_samples": 2164,
    "eval_samples_per_second": 500.322,
    "eval_steps_per_second": 50.171
}