{
    "epoch": 10.0,
    "eval_loss": 0.05619898438453674,
    "eval_mae": 0.16472195088863373,
    "eval_mse": 0.05619898438453674,
    "eval_r2": 0.36856123426341325,
    "eval_rmse": 0.2370632439851761,
    "eval_runtime": 5.316,
    "eval_samples": 2164,
    "eval_samples_per_second": 508.84,
    "eval_steps_per_second": 50.978,
    "test_samples": 2164,
    "train_loss": 0.04721773782998805,
    "train_runtime": 687.1708,
    "train_samples": 8654,
    "train_samples_per_second": 125.937,
    "train_steps_per_second": 12.602
}