{
    "epoch": 10.0,
    "eval_loss": 0.08586212247610092,
    "eval_mae": 0.21892887353897095,
    "eval_mse": 0.08586212247610092,
    "eval_r2": 0.40841255621323624,
    "eval_rmse": 0.29302239418029785,
    "eval_runtime": 4.3236,
    "eval_samples": 2164,
    "eval_samples_per_second": 500.505,
    "eval_steps_per_second": 50.189
}