{
    "epoch": 10.0,
    "eval_loss": 0.10380595177412033,
    "eval_mae": 0.2649705111980438,
    "eval_mse": 0.10380595177412033,
    "eval_r2": 0.2932326988074705,
    "eval_rmse": 0.3221893012523651,
    "eval_runtime": 5.387,
    "eval_samples": 2164,
    "eval_samples_per_second": 502.134,
    "eval_steps_per_second": 50.306,
    "test_samples": 2164,
    "train_loss": 0.08739716979152336,
    "train_runtime": 703.6889,
    "train_samples": 8654,
    "train_samples_per_second": 122.98,
    "train_steps_per_second": 12.307
}