{
    "epoch": 10.0,
    "eval_loss": 0.021140219643712044,
    "eval_mae": 0.11194809526205063,
    "eval_mse": 0.021140219643712044,
    "eval_r2": 0.4391212193345473,
    "eval_rmse": 0.14539676904678345,
    "eval_runtime": 10.7768,
    "eval_samples": 2164,
    "eval_samples_per_second": 200.802,
    "eval_steps_per_second": 20.136
}