{
    "epoch": 10.0,
    "eval_loss": 0.0632241740822792,
    "eval_mae": 0.1843613237142563,
    "eval_mse": 0.0632241740822792,
    "eval_r2": 0.31770177078937467,
    "eval_rmse": 0.2514441907405853,
    "eval_runtime": 4.2324,
    "eval_samples": 2164,
    "eval_samples_per_second": 511.292,
    "eval_steps_per_second": 51.271
}